week,resolver_shift,tickets,breaches,of_which_coverage_gap
2024-12-30,Day,13,0,0
2024-12-30,Morning,14,0,0
2024-12-30,Night,4,0,0
2025-01-06,Day,21,1,0
2025-01-06,Morning,20,0,0
2025-01-06,Night,9,2,0
2025-01-13,Day,27,4,0
2025-01-13,Morning,24,3,0
2025-01-13,Night,7,1,0
2025-01-20,Day,36,1,0
2025-01-20,Morning,32,4,0
2025-01-20,Night,12,2,0
2025-01-27,Day,27,1,0
2025-01-27,Morning,35,4,0
2025-01-27,Night,10,1,0
2025-02-03,Day,33,6,0
2025-02-03,Morning,40,8,0
2025-02-03,Night,12,2,0
2025-02-10,Day,31,2,0
2025-02-10,Morning,42,6,0
2025-02-10,Night,10,1,0
2025-02-17,Day,40,3,0
2025-02-17,Morning,50,7,0
2025-02-17,Night,8,0,0
2025-02-24,Day,47,2,0
2025-02-24,Morning,39,4,0
2025-02-24,Night,8,1,0
2025-03-03,Day,37,1,0
2025-03-03,Morning,38,5,0
2025-03-03,Night,11,0,0
2025-03-10,Day,44,1,0
2025-03-10,Morning,48,7,0
2025-03-10,Night,9,1,0
2025-03-17,Day,37,2,0
2025-03-17,Morning,44,7,0
2025-03-17,Night,7,1,0
2025-03-24,Day,31,0,0
2025-03-24,Morning,49,6,0
2025-03-24,Night,6,0,0
2025-03-31,Day,42,6,0
2025-03-31,Morning,52,4,0
2025-03-31,Night,10,1,0
2025-04-07,Day,33,3,0
2025-04-07,Morning,42,2,0
2025-04-07,Night,12,2,0
2025-04-14,Day,38,6,0
2025-04-14,Morning,34,5,0
2025-04-14,Night,11,2,0
2025-04-21,Day,37,0,0
2025-04-21,Morning,53,6,0
2025-04-21,Night,10,0,0
2025-04-28,Day,43,2,0
2025-04-28,Morning,61,4,0
2025-04-28,Night,10,1,0
2025-05-05,Day,37,4,0
2025-05-05,Morning,47,0,0
2025-05-05,Night,14,2,0
2025-05-12,Day,34,3,0
2025-05-12,Morning,44,5,0
2025-05-12,Night,8,1,0
2025-05-19,Day,38,7,0
2025-05-19,Morning,43,1,0
2025-05-19,Night,16,3,0
2025-05-26,Day,32,5,0
2025-05-26,Morning,44,4,0
2025-05-26,Night,13,1,0
2025-06-02,Day,27,1,0
2025-06-02,Morning,42,4,0
2025-06-02,Night,14,0,0
2025-06-09,Day,48,2,0
2025-06-09,Morning,31,4,0
2025-06-09,Night,8,0,0
2025-06-16,Day,43,2,0
2025-06-16,Morning,55,1,0
2025-06-16,Night,20,4,0
2025-06-23,Day,40,4,0
2025-06-23,Morning,45,8,0
2025-06-23,Night,9,0,0
2025-06-30,Day,38,2,0
2025-06-30,Morning,54,26,24
2025-07-07,Day,43,2,0
2025-07-07,Morning,57,23,27
2025-07-14,Day,47,0,0
2025-07-14,Morning,53,15,12
2025-07-21,Day,55,6,1
2025-07-21,Morning,69,24,23
2025-07-28,Day,60,5,1
2025-07-28,Morning,76,29,25
2025-08-04,Day,57,3,1
2025-08-04,Morning,89,33,29
2025-08-11,Day,52,4,2
2025-08-11,Morning,104,45,40
2025-08-18,Day,57,9,1
2025-08-18,Morning,80,29,28
2025-08-25,Day,74,8,3
2025-08-25,Morning,108,38,39
2025-09-01,Day,59,6,2
2025-09-01,Morning,98,47,48
2025-09-08,Day,66,6,2
2025-09-08,Morning,108,43,39
2025-09-15,Day,66,7,0
2025-09-15,Morning,87,27,25
2025-09-22,Day,62,7,0
2025-09-22,Morning,92,26,27
2025-09-29,Day,62,4,2
2025-09-29,Morning,99,34,37
2025-10-06,Day,81,11,1
2025-10-06,Morning,104,29,29
2025-10-13,Day,92,6,3
2025-10-13,Morning,121,39,35
2025-10-20,Day,75,9,1
2025-10-20,Morning,136,53,53
2025-10-27,Day,85,8,1
2025-10-27,Morning,115,41,42
2025-11-03,Day,75,7,3
2025-11-03,Morning,121,46,42
2025-11-10,Day,86,2,1
2025-11-10,Morning,99,32,31
2025-11-17,Day,80,7,1
2025-11-17,Morning,118,43,44
2025-11-24,Day,105,8,3
2025-11-24,Morning,126,53,57
2025-12-01,Day,91,9,2
2025-12-01,Morning,113,49,48
2025-12-08,Day,86,8,1
2025-12-08,Morning,100,33,31
2025-12-15,Day,75,4,3
2025-12-15,Morning,112,29,36
2025-12-22,Day,63,3,1
2025-12-22,Morning,115,42,46
2025-12-29,Day,86,8,0
2025-12-29,Morning,118,48,47
2026-01-05,Day,75,6,2
2026-01-05,Morning,107,34,32
2026-01-12,Day,84,10,2
2026-01-12,Morning,104,38,39
2026-01-19,Day,73,4,1
2026-01-19,Morning,111,47,46
2026-01-26,Day,79,9,4
2026-01-26,Morning,98,35,39
2026-02-02,Day,76,11,1
2026-02-02,Morning,100,33,37
2026-02-09,Day,78,6,0
2026-02-09,Morning,91,31,39
2026-02-16,Day,61,4,1
2026-02-16,Morning,108,33,46
2026-02-23,Day,79,4,1
2026-02-23,Morning,88,30,29
2026-03-02,Day,77,7,1
2026-03-02,Morning,94,38,33
2026-03-09,Day,80,5,2
2026-03-09,Morning,98,46,45
2026-03-16,Day,75,5,0
2026-03-16,Morning,117,42,45
2026-03-23,Day,72,7,2
2026-03-23,Morning,93,32,35
2026-03-30,Day,77,12,0
2026-03-30,Morning,95,39,38
2026-04-06,Day,67,6,1
2026-04-06,Morning,91,35,30
2026-04-13,Day,79,9,2
2026-04-13,Morning,94,36,40
2026-04-20,Day,67,7,1
2026-04-20,Morning,106,43,40
2026-04-27,Day,79,9,3
2026-04-27,Morning,102,36,41
2026-05-04,Day,60,2,0
2026-05-04,Morning,98,33,32
2026-05-11,Day,77,9,0
2026-05-11,Morning,95,38,42
2026-05-18,Day,76,6,0
2026-05-18,Morning,102,39,39
2026-05-25,Day,70,5,1
2026-05-25,Morning,87,36,40
2026-06-01,Day,70,4,0
2026-06-01,Morning,92,32,32
2026-06-08,Day,59,4,0
2026-06-08,Morning,104,43,42
2026-06-15,Day,72,6,2
2026-06-15,Morning,123,40,42
2026-06-22,Day,98,8,2
2026-06-22,Morning,109,41,44
2026-06-29,Day,14,0,0
2026-06-29,Morning,17,3,3
